{"cameraMode":{"drawMode":0,"name":"Shaded","section":"Shading Mode"},"sceneLighting":false,"audioPlay":false,"sceneViewState":{"showFog":true,"showMaterialUpdate":false,"showSkybox":true,"showFlares":true,"showImageEffects":true,"showParticleSystems":true},"in2DMode":false,"pivot":{"x":-0.1659998893737793,"y":3.3499999046325685,"z":-1.4880000352859498},"rotation":{"x":-0.04752644523978233,"y":0.951724648475647,"z":-0.23290441930294038,"w":-0.19420869648456574},"size":8.292793273925782,"orthographic":false}