{"cameraMode":{"drawMode":0,"name":"Shaded","section":"Shading Mode"},"sceneLighting":false,"audioPlay":false,"sceneViewState":{"showFog":true,"showMaterialUpdate":false,"showSkybox":true,"showFlares":true,"showImageEffects":true,"showParticleSystems":true},"in2DMode":false,"pivot":{"x":-4.472725868225098,"y":8.571917533874512,"z":6.34926700592041},"rotation":{"x":-0.11424229294061661,"y":-0.6190775632858276,"z":0.09166599065065384,"w":-0.7715497612953186},"size":6.654473304748535,"orthographic":false}