{"cameraMode":{"drawMode":0,"name":"Shaded","section":"Shading Mode"},"sceneLighting":false,"audioPlay":false,"sceneViewState":{"showFog":true,"showMaterialUpdate":false,"showSkybox":true,"showFlares":true,"showImageEffects":true,"showParticleSystems":true},"in2DMode":false,"pivot":{"x":-8.177956581115723,"y":10.027555465698243,"z":5.604522228240967},"rotation":{"x":-0.039750874042510989,"y":-0.7320640683174133,"z":0.04287517070770264,"w":-0.6787222027778626},"size":1.701794981956482,"orthographic":false}