{"cameraMode":{"drawMode":0,"name":"Shaded","section":"Shading Mode"},"sceneLighting":false,"audioPlay":false,"sceneViewState":{"showFog":true,"showMaterialUpdate":false,"showSkybox":true,"showFlares":true,"showImageEffects":true,"showParticleSystems":true},"in2DMode":false,"pivot":{"x":-1.10264253616333,"y":-2.9108948707580568,"z":-3.378854751586914},"rotation":{"x":-0.10174993425607681,"y":0.8813322186470032,"z":-0.40473273396492007,"w":-0.22156715393066407},"size":9.932768821716309,"orthographic":false}