{"cameraMode":{"drawMode":0,"name":"Shaded","section":"Shading Mode"},"sceneLighting":true,"audioPlay":false,"sceneViewState":{"showFog":true,"showMaterialUpdate":false,"showSkybox":true,"showFlares":true,"showImageEffects":true,"showParticleSystems":true},"in2DMode":false,"pivot":{"x":303.9732971191406,"y":56.264434814453128,"z":145.16796875},"rotation":{"x":-0.07278143614530564,"y":0.890424370765686,"z":0.15348024666309358,"w":0.4222453534603119},"size":432.9979553222656,"orthographic":false}