{"cameraMode":{"drawMode":0,"name":"Shaded","section":"Shading Mode"},"sceneLighting":false,"audioPlay":false,"sceneViewState":{"showFog":true,"showMaterialUpdate":false,"showSkybox":true,"showFlares":true,"showImageEffects":true,"showParticleSystems":true},"in2DMode":false,"pivot":{"x":-8.504947662353516,"y":9.602071762084961,"z":4.936387062072754},"rotation":{"x":0.01530371606349945,"y":-0.8049271106719971,"z":0.0207796823233366,"w":0.5928122401237488},"size":32.70365524291992,"orthographic":false}