{"cameraMode":{"drawMode":0,"name":"Shaded","section":"Shading Mode"},"sceneLighting":false,"audioPlay":false,"sceneViewState":{"showFog":true,"showMaterialUpdate":false,"showSkybox":true,"showFlares":true,"showImageEffects":true,"showParticleSystems":true},"in2DMode":false,"pivot":{"x":2.2466397285461427,"y":-101.58650207519531,"z":-25.545724868774415},"rotation":{"x":0.1651848554611206,"y":0.7133603692054749,"z":-0.1793520599603653,"w":0.6570112109184265},"size":2.623567819595337,"orthographic":false}