{"cameraMode":{"drawMode":0,"name":"Shaded","section":"Shading Mode"},"sceneLighting":false,"audioPlay":false,"sceneViewState":{"showFog":true,"showMaterialUpdate":false,"showSkybox":true,"showFlares":true,"showImageEffects":true,"showParticleSystems":true},"in2DMode":false,"pivot":{"x":3.891472578048706,"y":-109.54786682128906,"z":-38.596580505371097},"rotation":{"x":-0.0014968350296840072,"y":0.9648635983467102,"z":-0.2626895606517792,"w":-0.005498508457094431},"size":19.730388641357423,"orthographic":false}