{"cameraMode":{"drawMode":0,"name":"Shaded","section":"Shading Mode"},"sceneLighting":true,"audioPlay":false,"sceneViewState":{"showFog":true,"showMaterialUpdate":false,"showSkybox":true,"showFlares":true,"showImageEffects":true,"showParticleSystems":true},"in2DMode":false,"pivot":{"x":652.05810546875,"y":350.8439636230469,"z":-82.51453399658203},"rotation":{"x":0.08985897153615952,"y":-0.020911721512675287,"z":0.0018867973703891039,"w":0.9957332015037537},"size":2529.041259765625,"orthographic":false}