{"cameraMode":{"drawMode":0,"name":"Shaded","section":"Shading Mode"},"sceneLighting":false,"audioPlay":false,"sceneViewState":{"showFog":true,"showMaterialUpdate":false,"showSkybox":true,"showFlares":true,"showImageEffects":true,"showParticleSystems":true},"in2DMode":false,"pivot":{"x":-28.6645565032959,"y":13.246844291687012,"z":-0.8738665580749512},"rotation":{"x":-0.04141978919506073,"y":-0.8049826622009277,"z":-0.05659482255578041,"w":0.5891387462615967},"size":22.907363891601564,"orthographic":false}