{"cameraMode":{"drawMode":0,"name":"Shaded","section":"Shading Mode"},"sceneLighting":false,"audioPlay":false,"sceneViewState":{"showFog":true,"showMaterialUpdate":false,"showSkybox":true,"showFlares":true,"showImageEffects":true,"showParticleSystems":true},"in2DMode":false,"pivot":{"x":-9.023088455200196,"y":9.934469223022461,"z":5.221839904785156},"rotation":{"x":0.01530371606349945,"y":-0.8049271106719971,"z":0.0207796823233366,"w":0.5928122401237488},"size":2.6611058712005617,"orthographic":false}