{"cameraMode":{"drawMode":0,"name":"Shaded","section":"Shading Mode"},"sceneLighting":false,"audioPlay":false,"sceneViewState":{"showFog":true,"showMaterialUpdate":false,"showSkybox":true,"showFlares":true,"showImageEffects":true,"showParticleSystems":true},"in2DMode":false,"pivot":{"x":5.045564651489258,"y":-129.9143829345703,"z":-33.921485900878909},"rotation":{"x":0.08913519233465195,"y":0.7716355323791504,"z":-0.6199391484260559,"w":0.11094635725021362},"size":42.844913482666019,"orthographic":false}