{"cameraMode":{"drawMode":0,"name":"Shaded","section":"Shading Mode"},"sceneLighting":true,"audioPlay":false,"sceneViewState":{"showFog":true,"showMaterialUpdate":false,"showSkybox":true,"showFlares":true,"showImageEffects":true,"showParticleSystems":true},"in2DMode":false,"pivot":{"x":4.0969953536987309,"y":-102.98851013183594,"z":-26.17056655883789},"rotation":{"x":0.042882028967142108,"y":0.7832935452461243,"z":-0.6177833080291748,"w":0.05437025427818298},"size":130.1077423095703,"orthographic":false}