{"cameraMode":{"drawMode":0,"name":"Shaded","section":"Shading Mode"},"sceneLighting":false,"audioPlay":false,"sceneViewState":{"showFog":true,"showMaterialUpdate":false,"showSkybox":true,"showFlares":true,"showImageEffects":true,"showParticleSystems":true},"in2DMode":false,"pivot":{"x":-1.518019676208496,"y":-0.17498242855072022,"z":-0.5489952564239502},"rotation":{"x":-0.07691041380167008,"y":0.8454797267913818,"z":-0.12675347924232484,"w":-0.5130131244659424},"size":3.8682568073272707,"orthographic":false}