{"cameraMode":{"drawMode":0,"name":"Shaded","section":"Shading Mode"},"sceneLighting":false,"audioPlay":false,"sceneViewState":{"showFog":true,"showMaterialUpdate":false,"showSkybox":true,"showFlares":true,"showImageEffects":true,"showParticleSystems":true},"in2DMode":false,"pivot":{"x":6.298700332641602,"y":-109.69119262695313,"z":-57.1292839050293},"rotation":{"x":0.007112052757292986,"y":0.9814315438270569,"z":-0.18805274367332459,"w":0.03711765259504318},"size":39.91600036621094,"orthographic":false}