{"cameraMode":{"drawMode":0,"name":"Shaded","section":"Shading Mode"},"sceneLighting":false,"audioPlay":false,"sceneViewState":{"showFog":true,"showMaterialUpdate":false,"showSkybox":true,"showFlares":true,"showImageEffects":true,"showParticleSystems":true},"in2DMode":false,"pivot":{"x":-2.4023025035858156,"y":-1.180812120437622,"z":4.682104587554932},"rotation":{"x":0.09264678508043289,"y":-0.20460641384124757,"z":0.019457094371318818,"w":0.9742558002471924},"size":7.890958786010742,"orthographic":false}