{"cameraMode":{"drawMode":0,"name":"Shaded","section":"Shading Mode"},"sceneLighting":true,"audioPlay":false,"sceneViewState":{"showFog":true,"showMaterialUpdate":false,"showSkybox":true,"showFlares":true,"showImageEffects":true,"showParticleSystems":true},"in2DMode":false,"pivot":{"x":599.3096923828125,"y":301.33233642578127,"z":35.471473693847659},"rotation":{"x":-0.033303119242191318,"y":0.0035954804625362159,"z":-0.0001194341602968052,"w":-0.9994388818740845},"size":1409.224365234375,"orthographic":false}