{"cameraMode":{"drawMode":0,"name":"Shaded","section":"Shading Mode"},"sceneLighting":false,"audioPlay":false,"sceneViewState":{"showFog":true,"showMaterialUpdate":false,"showSkybox":true,"showFlares":true,"showImageEffects":true,"showParticleSystems":true},"in2DMode":false,"pivot":{"x":-5.313332557678223,"y":26.381664276123048,"z":11.413619995117188},"rotation":{"x":0.053885336965322497,"y":0.9378070831298828,"z":-0.16950136423110963,"w":0.29813352227211},"size":8.292793273925782,"orthographic":false}