{"cameraMode":{"drawMode":0,"name":"Shaded","section":"Shading Mode"},"sceneLighting":false,"audioPlay":false,"sceneViewState":{"showFog":true,"showMaterialUpdate":false,"showSkybox":true,"showFlares":true,"showImageEffects":true,"showParticleSystems":true},"in2DMode":false,"pivot":{"x":-26.401283264160158,"y":-5.6492815017700199,"z":-6.99493408203125},"rotation":{"x":-0.05745818838477135,"y":0.7911812663078308,"z":-0.07523862272500992,"w":-0.6042101979255676},"size":32.01436233520508,"orthographic":false}