{"cameraMode":{"drawMode":0,"name":"Shaded","section":"Shading Mode"},"sceneLighting":false,"audioPlay":false,"sceneViewState":{"showFog":true,"showMaterialUpdate":false,"showSkybox":true,"showFlares":true,"showImageEffects":true,"showParticleSystems":true},"in2DMode":false,"pivot":{"x":0.28742218017578127,"y":-1.7509641647338868,"z":16.182649612426759},"rotation":{"x":-0.18180514872074128,"y":0.07131776213645935,"z":-0.013221757486462593,"w":-0.9806559085845947},"size":8.212587356567383,"orthographic":false}