{"cameraMode":{"drawMode":0,"name":"Shaded","section":"Shading Mode"},"sceneLighting":false,"audioPlay":false,"sceneViewState":{"showFog":true,"showMaterialUpdate":false,"showSkybox":true,"showFlares":true,"showImageEffects":true,"showParticleSystems":true},"in2DMode":false,"pivot":{"x":-27.77400779724121,"y":-3.2006773948669435,"z":3.911691665649414},"rotation":{"x":-0.06235198304057121,"y":0.669754147529602,"z":-0.05660194158554077,"w":-0.7377926111221314},"size":34.348323822021487,"orthographic":false}