{"cameraMode":{"drawMode":0,"name":"Shaded","section":"Shading Mode"},"sceneLighting":false,"audioPlay":false,"sceneViewState":{"showFog":true,"showMaterialUpdate":true,"showSkybox":true,"showFlares":true,"showImageEffects":true,"showParticleSystems":true},"in2DMode":false,"pivot":{"x":43.874610900878909,"y":10.80733871459961,"z":-16.2127685546875},"rotation":{"x":0.18436092138290406,"y":-0.46984362602233889,"z":0.10103358328342438,"w":0.8573507070541382},"size":8.788594245910645,"orthographic":false}