{"cameraMode":{"drawMode":0,"name":"Shaded","section":"Shading Mode"},"sceneLighting":false,"audioPlay":false,"sceneViewState":{"showFog":true,"showMaterialUpdate":true,"showSkybox":true,"showFlares":true,"showImageEffects":true,"showParticleSystems":true},"in2DMode":false,"pivot":{"x":0.3151721954345703,"y":3.3653461933135988,"z":0.045317649841308597},"rotation":{"x":0.18436092138290406,"y":-0.46984362602233889,"z":0.10103358328342438,"w":0.8573507070541382},"size":47.63873291015625,"orthographic":false}