{"cameraMode":{"drawMode":0,"name":"Shaded","section":"Shading Mode"},"sceneLighting":false,"audioPlay":false,"sceneViewState":{"showFog":true,"showMaterialUpdate":true,"showSkybox":true,"showFlares":true,"showImageEffects":true,"showParticleSystems":true},"in2DMode":false,"pivot":{"x":15.710236549377442,"y":17.18449592590332,"z":-1.665452003479004},"rotation":{"x":-0.1494213342666626,"y":0.720991313457489,"z":-0.1641155332326889,"w":-0.6564381122589111},"size":4.916777610778809,"orthographic":false}