{"cameraMode":{"drawMode":0,"name":"Shaded","section":"Shading Mode"},"sceneLighting":false,"audioPlay":false,"sceneViewState":{"showFog":true,"showMaterialUpdate":false,"showSkybox":true,"showFlares":true,"showImageEffects":true,"showParticleSystems":true},"in2DMode":false,"pivot":{"x":3.9180288314819338,"y":-100.66842651367188,"z":-25.75819206237793},"rotation":{"x":-0.06235198304057121,"y":0.669754147529602,"z":-0.05660194158554077,"w":-0.7377926111221314},"size":11.079263687133789,"orthographic":false}