{"cameraMode":{"drawMode":0,"name":"Shaded","section":"Shading Mode"},"sceneLighting":false,"audioPlay":false,"sceneViewState":{"showFog":true,"showMaterialUpdate":false,"showSkybox":true,"showFlares":true,"showImageEffects":true,"showParticleSystems":true},"in2DMode":false,"pivot":{"x":-20.852596282958986,"y":-3.8347129821777345,"z":-15.497884750366211},"rotation":{"x":-0.05242626741528511,"y":0.8396451473236084,"z":-0.08238968998193741,"w":-0.5342841744422913},"size":34.348323822021487,"orthographic":false}