{"cameraMode":{"drawMode":0,"name":"Shaded","section":"Shading Mode"},"sceneLighting":false,"audioPlay":false,"sceneViewState":{"showFog":true,"showMaterialUpdate":true,"showSkybox":true,"showFlares":true,"showImageEffects":true,"showParticleSystems":true},"in2DMode":false,"pivot":{"x":87.9126968383789,"y":23.116867065429689,"z":-23.119529724121095},"rotation":{"x":0.2532067596912384,"y":-0.4821266233921051,"z":-0.14786995947360993,"w":-0.8255754113197327},"size":65.01116943359375,"orthographic":false}