{"cameraMode":{"drawMode":0,"name":"Shaded","section":"Shading Mode"},"sceneLighting":false,"audioPlay":false,"sceneViewState":{"showFog":true,"showMaterialUpdate":false,"showSkybox":true,"showFlares":true,"showImageEffects":true,"showParticleSystems":true},"in2DMode":false,"pivot":{"x":-4.160630226135254,"y":4.57790470123291,"z":2.341960906982422},"rotation":{"x":-0.18180514872074128,"y":0.07131776213645935,"z":-0.013221757486462593,"w":-0.9806559085845947},"size":26.67336082458496,"orthographic":false}