{"cameraMode":{"drawMode":0,"name":"Shaded","section":"Shading Mode"},"sceneLighting":true,"audioPlay":false,"sceneViewState":{"showFog":true,"showMaterialUpdate":false,"showSkybox":true,"showFlares":true,"showImageEffects":true,"showParticleSystems":true},"in2DMode":false,"pivot":{"x":20.596303939819337,"y":21.730051040649415,"z":-34.30754089355469},"rotation":{"x":-0.14887645840644837,"y":0.6684097051620483,"z":0.13910917937755586,"w":0.7153411507606506},"size":152.67117309570313,"orthographic":false}