{"cameraMode":{"drawMode":0,"name":"Shaded","section":"Shading Mode"},"sceneLighting":false,"audioPlay":false,"sceneViewState":{"showFog":false,"showMaterialUpdate":false,"showSkybox":true,"showFlares":false,"showImageEffects":false,"showParticleSystems":false},"in2DMode":false,"pivot":{"x":4.0969953536987309,"y":-101.71688079833985,"z":-26.16938018798828},"rotation":{"x":-0.09126119315624237,"y":0.7947569489479065,"z":0.12352454662322998,"w":0.5871750116348267},"size":7.26912784576416,"orthographic":false}