{"cameraMode":{"drawMode":0,"name":"Shaded","section":"Shading Mode"},"sceneLighting":false,"audioPlay":false,"sceneViewState":{"showFog":true,"showMaterialUpdate":false,"showSkybox":true,"showFlares":true,"showImageEffects":true,"showParticleSystems":true},"in2DMode":false,"pivot":{"x":20.762447357177736,"y":-164.9572296142578,"z":35.32178497314453},"rotation":{"x":-0.011727865785360337,"y":0.7485138773918152,"z":0.013242973946034909,"w":0.6628831028938294},"size":7.742172718048096,"orthographic":false}